<?xml version="1.0" encoding="UTF-8"?>
<!DOCTYPE mapper PUBLIC "-//mybatis.org//DTD Mapper 3.0//EN" "http://mybatis.org/dtd/mybatis-3-mapper.dtd">
<mapper namespace="com.tuling.tulingmall.dao.PmsSkuStockDao">
    <insert id="insertList">
        INSERT INTO pms_sku_stock (product_id, sku_code, price, stock, low_stock, sp1, sp2, sp3, pic, sale) VALUES
        <foreach collection="list" item="item" index="index" separator=",">
            (#{item.productId,jdbcType=BIGINT},
            #{item.skuCode,jdbcType=VARCHAR},
            #{item.price,jdbcType=DECIMAL},
            #{item.stock,jdbcType=INTEGER},
            #{item.lowStock,jdbcType=INTEGER},
            #{item.sp1,jdbcType=VARCHAR},
            #{item.sp2,jdbcType=VARCHAR},
            #{item.sp3,jdbcType=VARCHAR},
            #{item.pic,jdbcType=VARCHAR},
            #{item.sale,jdbcType=INTEGER})
        </foreach>
    </insert>
    <insert id="replaceList">
        REPLACE INTO pms_sku_stock (id,product_id, sku_code, price, stock, low_stock, sp1, sp2, sp3, pic, sale) VALUES
        <foreach collection="list" item="item" index="index" separator=",">
            (#{item.id,jdbcType=BIGINT},
            #{item.productId,jdbcType=BIGINT},
            #{item.skuCode,jdbcType=VARCHAR},
            #{item.price,jdbcType=DECIMAL},
            #{item.stock,jdbcType=INTEGER},
            #{item.lowStock,jdbcType=INTEGER},
            #{item.sp1,jdbcType=VARCHAR},
            #{item.sp2,jdbcType=VARCHAR},
            #{item.sp3,jdbcType=VARCHAR},
            #{item.pic,jdbcType=VARCHAR},
            #{item.sale,jdbcType=INTEGER})
        </foreach>
    </insert>
</mapper>